,,,,,,,,,,,,
,INFORMATIVNÍ ČÁST,,INFORMATIVNÍ ČÁST,,,,,,MĚNITELNÁ ČÁST,,,
,id,zaměření,lokalita,typ tábora,termín,stav,aktuální cena,,základní cena,zlevněná cena,týdenní navýšení,kapacita
,#2269,AIRSOFT CAMP,LANWOOD - LANŠKROUN,POBYTOVÝ,1. týden (1. 7. 2018 - 8. 7. 2018),aktivní,,,4600,3300,39,25
,#2271,AIRSOFT CAMP,LANWOOD - LANŠKROUN,POBYTOVÝ,2. týden (8. 7. 2018 - 15. 7. 2018),aktivní,,,4600,3300,39,32
,#2272,AIRSOFT CAMP,LANWOOD - LANŠKROUN,POBYTOVÝ,3. týden (15. 7. 2018 - 22. 7. 2018),aktivní,,,4600,3300,39,29
,#2280,AIRSOFT CAMP,LANWOOD - LANŠKROUN,POBYTOVÝ,4. týden (22. 7. 2018 - 29. 7. 2018),aktivní,,,4600,3300,39,31
,#2278,AIRSOFT CAMP,LANWOOD - LANŠKROUN,POBYTOVÝ,6. týden (5. 8. 2018 - 12. 8. 2018),aktivní,,,4600,3300,39,26
,#2276,AIRSOFT CAMP,LANWOOD - LANŠKROUN,POBYTOVÝ,7. týden (12. 8. 2018 - 19. 8. 2018),aktivní,,,4600,3300,39,29
,#2274,AIRSOFT CAMP,LANWOOD - LANŠKROUN,POBYTOVÝ,8. týden (19. 8. 2018 - 26. 8. 2018),aktivní,,,4600,3300,39,23
,#2270,AIRSOFT CAMP,LANWOOD - LANŠKROUN,PŘÍMĚSTSKÝ - DENNÍ,1. týden (2. 7. 2018 - 7. 7. 2018),aktivní,,,2400,1700,22,4
,#2282,AIRSOFT CAMP,LANWOOD - LANŠKROUN,PŘÍMĚSTSKÝ - DENNÍ,2. týden (9. 7. 2018 - 14. 7. 2018),aktivní,,,2400,1700,22,6
,#2281,AIRSOFT CAMP,LANWOOD - LANŠKROUN,PŘÍMĚSTSKÝ - DENNÍ,3. týden (16. 7. 2018 - 21. 7. 2018),aktivní,,,2400,1700,22,3
,#2279,AIRSOFT CAMP,LANWOOD - LANŠKROUN,PŘÍMĚSTSKÝ - DENNÍ,4. týden ( 23. 7. 2018 - 28. 7. 2018),aktivní,,,2400,1700,22,6
,#2277,AIRSOFT CAMP,LANWOOD - LANŠKROUN,PŘÍMĚSTSKÝ - DENNÍ,6. týden (6. 8. 2018 - 11. 8. 2018),aktivní,,,2400,1700,22,6
,#2275,AIRSOFT CAMP,LANWOOD - LANŠKROUN,PŘÍMĚSTSKÝ - DENNÍ,7. týden (13. 8. 2018 - 18. 8. 2018),aktivní,,,2400,1700,22,3
,#2273,AIRSOFT CAMP,LANWOOD - LANŠKROUN,PŘÍMĚSTSKÝ - DENNÍ,8. týden (20. 8. 2018 - 25. 8. 2018),aktivní,,,2400,1700,22,3
,#2285,MINI ARMY CAMP,LANWOOD - LANŠKROUN,POBYTOVÝ,5. týden (29. 7. 2018 - 5. 8. 2018),aktivní,,,4100,2900,37,20
,#2287,MINI ARMY CAMP,LANWOOD - LANŠKROUN,PŘÍMĚSTSKÝ - DENNÍ,5. týden (30. 7. 2018 - 4. 8. 2018),aktivní,,,2100,1500,19,5
,#352,TÁBOR SEBEOBRANY,LANWOOD - LANŠKROUN,POBYTOVÝ,1. týden (1. 7. 2018 - 8. 7. 2018),aktivní,,,4600,3300,39,18
,#2289,TÁBOR SEBEOBRANY,LANWOOD - LANŠKROUN,PŘÍMĚSTSKÝ - DENNÍ,1. týden (2. 7. 2018 - 7. 7. 2018),aktivní,,,2400,1700,22,4
,#2314,SURVIVAL CAMP,LANWOOD - LANŠKROUN,POBYTOVÝ,7. týden (12. 8. 2018 - 19. 8. 2018),aktivní,,,4100,2900,37,17
,#2315,SURVIVAL CAMP,LANWOOD - LANŠKROUN,PŘÍMĚSTSKÝ - DENNÍ,7. týden (13. 8. 2018 - 18. 8. 2018),aktivní,,,2100,1500,19,4
,#2332,PARKOUR CAMP,LANWOOD - LANŠKROUN,POBYTOVÝ,1. týden (1. 7. 2018 - 8. 7. 2018),aktivní,,,5100,3700,41,43
,#2330,PARKOUR CAMP,LANWOOD - LANŠKROUN,POBYTOVÝ,2. týden (8. 7. 2018 - 15. 7. 2018),aktivní,,,5100,3700,41,39
,#2328,PARKOUR CAMP,LANWOOD - LANŠKROUN,POBYTOVÝ,3. týden (15. 7. 2018 - 22. 7. 2018),aktivní,,,5100,3700,41,41
,#2326,PARKOUR CAMP,LANWOOD - LANŠKROUN,POBYTOVÝ,4. týden (22. 7. 2018 - 29. 7. 2018),aktivní,,,5100,3700,41,33
,#2324,PARKOUR CAMP,LANWOOD - LANŠKROUN,POBYTOVÝ,5. týden (29. 7. 2018 - 5. 8. 2018),aktivní,,,5100,3700,41,44
,#2322,PARKOUR CAMP,LANWOOD - LANŠKROUN,POBYTOVÝ,6. týden (5. 8. 2018 - 12. 8. 2018),aktivní,,,5100,3700,41,48
,#2320,PARKOUR CAMP,LANWOOD - LANŠKROUN,POBYTOVÝ,7. týden (12. 8. 2018 - 19. 8. 2018),aktivní,,,5100,3700,41,40
,#2318,PARKOUR CAMP,LANWOOD - LANŠKROUN,POBYTOVÝ,8. týden (19. 8. 2018 - 26. 8. 2018),aktivní,,,5100,3700,41,40
,#2331,PARKOUR CAMP,LANWOOD - LANŠKROUN,PŘÍMĚSTSKÝ - DENNÍ,1. týden (2. 7. 2018 - 7. 7. 2018),aktivní,,,2700,1900,25,5
,#2329,PARKOUR CAMP,LANWOOD - LANŠKROUN,PŘÍMĚSTSKÝ - DENNÍ,2. týden (9. 7. 2018 - 14. 7. 2018),aktivní,,,2700,1900,25,4
,#2327,PARKOUR CAMP,LANWOOD - LANŠKROUN,PŘÍMĚSTSKÝ - DENNÍ,3. týden (16. 7. 2018 - 21. 7. 2018),aktivní,,,2700,1900,25,3
,#2325,PARKOUR CAMP,LANWOOD - LANŠKROUN,PŘÍMĚSTSKÝ - DENNÍ,4. týden ( 23. 7. 2018 - 28. 7. 2018),aktivní,,,2700,1900,25,6
,#2323,PARKOUR CAMP,LANWOOD - LANŠKROUN,PŘÍMĚSTSKÝ - DENNÍ,5. týden (30. 7. 2018 - 4. 8. 2018),aktivní,,,2700,1900,25,4
,#2321,PARKOUR CAMP,LANWOOD - LANŠKROUN,PŘÍMĚSTSKÝ - DENNÍ,6. týden (6. 8. 2018 - 11. 8. 2018),aktivní,,,2700,1900,25,4
,#2319,PARKOUR CAMP,LANWOOD - LANŠKROUN,PŘÍMĚSTSKÝ - DENNÍ,7. týden (13. 8. 2018 - 18. 8. 2018),aktivní,,,2700,1900,25,5
,#2317,PARKOUR CAMP,LANWOOD - LANŠKROUN,PŘÍMĚSTSKÝ - DENNÍ,8. týden (20. 8. 2018 - 25. 8. 2018),aktivní,,,2700,1900,25,4
,#2333,SKATE CAMP,LANWOOD - LANŠKROUN,POBYTOVÝ,4. týden (22. 7. 2018 - 29. 7. 2018),aktivní,,,5100,3700,41,21
,#2335,SKATE CAMP,LANWOOD - LANŠKROUN,POBYTOVÝ,7. týden (12. 8. 2018 - 19. 8. 2018),aktivní,,,5100,3700,41,18
,#2334,SKATE CAMP,LANWOOD - LANŠKROUN,PŘÍMĚSTSKÝ - DENNÍ,4. týden ( 23. 7. 2018 - 28. 7. 2018),aktivní,,,2700,1900,25,4
,#2336,SKATE CAMP,LANWOOD - LANŠKROUN,PŘÍMĚSTSKÝ - DENNÍ,8. týden (20. 8. 2018 - 25. 8. 2018),aktivní,,,2700,1900,25,5
,#2338,SCOOTER CAMP,LANWOOD - LANŠKROUN,POBYTOVÝ,3. týden (15. 7. 2018 - 22. 7. 2018),aktivní,,,5100,3700,41,20
,#2340,SCOOTER CAMP,LANWOOD - LANŠKROUN,POBYTOVÝ,8. týden (19. 8. 2018 - 26. 8. 2018),aktivní,,,5100,3700,41,16
,#2339,SCOOTER CAMP,LANWOOD - LANŠKROUN,PŘÍMĚSTSKÝ - DENNÍ,3. týden (16. 7. 2018 - 21. 7. 2018),aktivní,,,2700,1900,25,5
,#2341,SCOOTER CAMP,LANWOOD - LANŠKROUN,PŘÍMĚSTSKÝ - DENNÍ,7. týden (13. 8. 2018 - 18. 8. 2018),aktivní,,,2700,1900,25,4
,#2342,FOOTBALL CAMP,LANWOOD - LANŠKROUN,POBYTOVÝ,2. týden (8. 7. 2018 - 15. 7. 2018),aktivní,,,4100,2900,37,19
,#2344,FOOTBALL CAMP,LANWOOD - LANŠKROUN,POBYTOVÝ,6. týden (5. 8. 2018 - 12. 8. 2018),aktivní,,,4100,2900,37,18
,#2343,FOOTBALL CAMP,LANWOOD - LANŠKROUN,PŘÍMĚSTSKÝ - DENNÍ,2. týden (9. 7. 2018 - 14. 7. 2018),aktivní,,,2100,1500,19,5
,#2345,FOOTBALL CAMP,LANWOOD - LANŠKROUN,PŘÍMĚSTSKÝ - DENNÍ,6. týden (6. 8. 2018 - 11. 8. 2018),aktivní,,,2100,1500,19,6
,#2348,RYBÁŘSKÝ TÁBOR,LANWOOD - LANŠKROUN,POBYTOVÝ,2. týden (8. 7. 2018 - 15. 7. 2018),aktivní,,,4600,3300,39,15
,#2350,RYBÁŘSKÝ TÁBOR,LANWOOD - LANŠKROUN,POBYTOVÝ,8. týden (19. 8. 2018 - 26. 8. 2018),aktivní,,,4600,3300,39,16
,#2349,RYBÁŘSKÝ TÁBOR,LANWOOD - LANŠKROUN,PŘÍMĚSTSKÝ - DENNÍ,2. týden (9. 7. 2018 - 14. 7. 2018),aktivní,,,2400,1700,22,4
,#2351,RYBÁŘSKÝ TÁBOR,LANWOOD - LANŠKROUN,PŘÍMĚSTSKÝ - DENNÍ,8. týden (20. 8. 2018 - 25. 8. 2018),aktivní,,,2400,1700,22,4
,#2353,ŘEMESLNÝ TÁBOR,LANWOOD - LANŠKROUN,POBYTOVÝ,6. týden (5. 8. 2018 - 12. 8. 2018),aktivní,,,4100,2900,37,12
,#2354,ŘEMESLNÝ TÁBOR,LANWOOD - LANŠKROUN,PŘÍMĚSTSKÝ - DENNÍ,6. týden (6. 8. 2018 - 11. 8. 2018),aktivní,,,2100,1500,19,5
,#2357,MODELÁŘSKÝ TÁBOR,LANWOOD - LANŠKROUN,POBYTOVÝ,4. týden (22. 7. 2018 - 29. 7. 2018),aktivní,,,4600,3300,39,4
,#2358,MODELÁŘSKÝ TÁBOR,LANWOOD - LANŠKROUN,PŘÍMĚSTSKÝ - DENNÍ,4. týden ( 23. 7. 2018 - 28. 7. 2018),aktivní,,,2400,1700,22,4
,#2360,TÁBOR S RC MODELY,LANWOOD - LANŠKROUN,POBYTOVÝ,3. týden (15. 7. 2018 - 22. 7. 2018),aktivní,,,4600,3300,39,16
,#2361,TÁBOR S RC MODELY,LANWOOD - LANŠKROUN,PŘÍMĚSTSKÝ - DENNÍ,3. týden (16. 7. 2018 - 21. 7. 2018),aktivní,,,2400,1700,22,5
,#2365,LOLKO CAMP,LANWOOD - LANŠKROUN,POBYTOVÝ,5. týden (29. 7. 2018 - 5. 8. 2018),aktivní,,,4100,2900,37,12
,#2366,LOLKO CAMP,LANWOOD - LANŠKROUN,PŘÍMĚSTSKÝ - DENNÍ,5. týden (30. 7. 2018 - 4. 8. 2018),aktivní,,,2100,1500,19,3
,#2385,FITNESS DANCE CAMP,LANWOOD - LANŠKROUN,POBYTOVÝ,4. týden (22. 7. 2018 - 29. 7. 2018),aktivní,,,5100,3700,41,21
,#2386,FITNESS DANCE CAMP,LANWOOD - LANŠKROUN,POBYTOVÝ,5. týden (29. 7. 2018 - 5. 8. 2018),aktivní,,,5100,3700,41,19
,#2388,FITNESS DANCE CAMP,LANWOOD - LANŠKROUN,PŘÍMĚSTSKÝ - DENNÍ,4. týden ( 23. 7. 2018 - 28. 7. 2018),aktivní,,,2700,1900,25,6
,#2387,FITNESS DANCE CAMP,LANWOOD - LANŠKROUN,PŘÍMĚSTSKÝ - DENNÍ,5. týden (30. 7. 2018 - 4. 8. 2018),aktivní,,,2700,1900,25,7
,#2877,DANCEHALL CAMP,LANWOOD - LANŠKROUN,POBYTOVÝ,2. týden (8. 7. 2018 - 15. 7. 2018),aktivní,,,5100,3700,41,21
,#3004,DANCEHALL CAMP,LANWOOD - LANŠKROUN,POBYTOVÝ,6. týden (5. 8. 2018 - 12. 8. 2018),aktivní,,,5100,3700,41,16
,#2876,DANCEHALL CAMP,LANWOOD - LANŠKROUN,PŘÍMĚSTSKÝ - DENNÍ,2. týden (9. 7. 2018 - 14. 7. 2018),aktivní,,,2700,1900,25,6
,#3003,DANCEHALL CAMP,LANWOOD - LANŠKROUN,PŘÍMĚSTSKÝ - DENNÍ,6. týden (6. 8. 2018 - 11. 8. 2018),aktivní,,,2700,1900,25,5
,#2402,POLE DANCE CAMP,LANWOOD - LANŠKROUN,POBYTOVÝ,3. týden (15. 7. 2018 - 22. 7. 2018),aktivní,,,5100,3700,41,19
,#2401,POLE DANCE CAMP,LANWOOD - LANŠKROUN,PŘÍMĚSTSKÝ - DENNÍ,3. týden (16. 7. 2018 - 21. 7. 2018),aktivní,,,2700,1900,25,5
,#2414,CONTEMPORARY DANCE CAMP,LANWOOD - LANŠKROUN,POBYTOVÝ,x,x,,,,,,
,#2413,CONTEMPORARY DANCE CAMP,LANWOOD - LANŠKROUN,PŘÍMĚSTSKÝ - DENNÍ,x,x,,,,,,
,#2431,MAŽORETKOVÝ TÁBOR,LANWOOD - LANŠKROUN,POBYTOVÝ,7. týden (12. 8. 2018 - 19. 8. 2018),aktivní,,,4100,2900,37,21
,#2430,MAŽORETKOVÝ TÁBOR,LANWOOD - LANŠKROUN,PŘÍMĚSTSKÝ - DENNÍ,7. týden (13. 8. 2018 - 18. 8. 2018),aktivní,,,2100,1500,19,6
,#3006,VOLEJBALOVÝ TÁBOR,LANWOOD - LANŠKROUN,POBYTOVÝ,5. týden (29. 7. 2018 - 5. 8. 2018),aktivní,,,4100,2900,37,22
,#2419,VOLEJBALOVÝ TÁBOR,LANWOOD - LANŠKROUN,POBYTOVÝ,8. týden (19. 8. 2018 - 26. 8. 2018),aktivní,,,4100,2900,37,22
,#3005,VOLEJBALOVÝ TÁBOR,LANWOOD - LANŠKROUN,PŘÍMĚSTSKÝ - DENNÍ,5. týden (30. 7. 2018 - 4. 8. 2018),aktivní,,,2100,1500,19,7
,#2418,VOLEJBALOVÝ TÁBOR,LANWOOD - LANŠKROUN,PŘÍMĚSTSKÝ - DENNÍ,8. týden (20. 8. 2018 - 25. 8. 2018),aktivní,,,2100,1500,19,5
,#309,MODELINGOVÝ TÁBOR,LANWOOD - LANŠKROUN,POBYTOVÝ,1. týden (1. 7. 2018 - 8. 7. 2018),aktivní,,,4600,3300,39,15
,#2456,MODELINGOVÝ TÁBOR,LANWOOD - LANŠKROUN,PŘÍMĚSTSKÝ - DENNÍ,1. týden (2. 7. 2018 - 7. 7. 2018),aktivní,,,2400,1700,22,3
,#483,FILMOVÝ TÁBOR,LANWOOD - LANŠKROUN,POBYTOVÝ,1. týden (1. 7. 2018 - 8. 7. 2018),aktivní,,,5100,3700,41,16
,#2459,FILMOVÝ TÁBOR,LANWOOD - LANŠKROUN,POBYTOVÝ,8. týden (19. 8. 2018 - 26. 8. 2018),aktivní,,,5100,3700,41,14
,#2460,FILMOVÝ TÁBOR,LANWOOD - LANŠKROUN,PŘÍMĚSTSKÝ - DENNÍ,1. týden (2. 7. 2018 - 7. 7. 2018),aktivní,,,2700,1900,25,4
,#2458,FILMOVÝ TÁBOR,LANWOOD - LANŠKROUN,PŘÍMĚSTSKÝ - DENNÍ,8. týden (20. 8. 2018 - 25. 8. 2018),aktivní,,,2700,1900,25,4
,#2493,YOUTUBE CAMP,LANWOOD - LANŠKROUN,POBYTOVÝ,x,x,,,,,,
,#464,YOUTUBE CAMP,LANWOOD - LANŠKROUN,PŘÍMĚSTSKÝ - DENNÍ,x,x,,,,,,
,#543,HUDEBNÍ TÁBOR,LANWOOD - LANŠKROUN,POBYTOVÝ,4. týden (22. 7. 2018 - 29. 7. 2018),aktivní,,,4600,3300,39,19
,#3075,HUDEBNÍ TÁBOR,LANWOOD - LANŠKROUN,POBYTOVÝ,7. týden (12. 8. 2018 - 19. 8. 2018),aktivní,,,4600,3300,39,17
,#2473,HUDEBNÍ TÁBOR,LANWOOD - LANŠKROUN,PŘÍMĚSTSKÝ - DENNÍ,4. týden ( 23. 7. 2018 - 28. 7. 2018),aktivní,,,2400,1700,22,4
,#3074,HUDEBNÍ TÁBOR,LANWOOD - LANŠKROUN,PŘÍMĚSTSKÝ - DENNÍ,7. týden (13. 8. 2018 - 18. 8. 2018),aktivní,,,2400,1700,22,5
,#2505,VÝTVARNÝ TÁBOR,LANWOOD - LANŠKROUN,POBYTOVÝ,2. týden (8. 7. 2018 - 15. 7. 2018),aktivní,,,4100,2900,37,19
,#2503,VÝTVARNÝ TÁBOR,LANWOOD - LANŠKROUN,POBYTOVÝ,6. týden (5. 8. 2018 - 12. 8. 2018),aktivní,,,4100,2900,37,21
,#2504,VÝTVARNÝ TÁBOR,LANWOOD - LANŠKROUN,PŘÍMĚSTSKÝ - DENNÍ,2. týden (9. 7. 2018 - 14. 7. 2018),aktivní,,,2100,1500,19,6
,#359,VÝTVARNÝ TÁBOR,LANWOOD - LANŠKROUN,PŘÍMĚSTSKÝ - DENNÍ,6. týden (6. 8. 2018 - 11. 8. 2018),aktivní,,,2100,1500,19,4
,#2141,TÁBOR SE PSY,LANWOOD - LANŠKROUN,POBYTOVÝ,2. týden (8. 7. 2018 - 15. 7. 2018),aktivní,,,4100,2900,37,21
,#2508,TÁBOR SE PSY,LANWOOD - LANŠKROUN,POBYTOVÝ,5. týden (29. 7. 2018 - 5. 8. 2018),aktivní,,,4100,2900,37,19
,#2140,TÁBOR SE PSY,LANWOOD - LANŠKROUN,PŘÍMĚSTSKÝ - DENNÍ,2. týden (9. 7. 2018 - 14. 7. 2018),aktivní,,,2100,1500,19,5
,#2507,TÁBOR SE PSY,LANWOOD - LANŠKROUN,PŘÍMĚSTSKÝ - DENNÍ,5. týden (30. 7. 2018 - 4. 8. 2018),aktivní,,,2100,1500,19,3
,#2513,TÁBOR S MAZLÍČKY,LANWOOD - LANŠKROUN,POBYTOVÝ,3. týden (15. 7. 2018 - 22. 7. 2018),aktivní,,,4100,2900,37,21
,#2511,TÁBOR S MAZLÍČKY,LANWOOD - LANŠKROUN,POBYTOVÝ,6. týden (5. 8. 2018 - 12. 8. 2018),aktivní,,,4100,2900,37,22
,#2512,TÁBOR S MAZLÍČKY,LANWOOD - LANŠKROUN,PŘÍMĚSTSKÝ - DENNÍ,3. týden (16. 7. 2018 - 21. 7. 2018),aktivní,,,2100,1500,19,7
,#479,TÁBOR S MAZLÍČKY,LANWOOD - LANŠKROUN,PŘÍMĚSTSKÝ - DENNÍ,6. týden (6. 8. 2018 - 11. 8. 2018),aktivní,,,2100,1500,19,6
,#2435,JEZDECKÝ TÁBOR,LANWOOD - LANŠKROUN,POBYTOVÝ,8. týden (19. 8. 2018 - 26. 8. 2018),aktivní,,,5100,3700,41,13
,#2434,JEZDECKÝ TÁBOR,LANWOOD - LANŠKROUN,PŘÍMĚSTSKÝ - DENNÍ,8. týden (20. 8. 2018 - 25. 8. 2018),aktivní,,,2700,1900,25,4
,#2523,TÁBOR NA FARMĚ,LANWOOD - LANŠKROUN,POBYTOVÝ,7. týden (12. 8. 2018 - 19. 8. 2018),aktivní,,,4600,3300,39,16
,#2522,TÁBOR NA FARMĚ,LANWOOD - LANŠKROUN,PŘÍMĚSTSKÝ - DENNÍ,7. týden (13. 8. 2018 - 18. 8. 2018),aktivní,,,2400,1700,22,5
,#2544,LYŽAŘSKÝ TÁBOR,ŽIŽKOVA BOUDA - PEC POD SNĚŽKOU,POBYTOVÝ,Velikonoce (29. 3. 2018 - 2. 4. 2018),aktivní,,,4100,2900,60,29
,#2555,JARNÍ TÁBOR,LANWOOD - LANŠKROUN,POBYTOVÝ,květen (5. 5. 2018 - 8. 5. 2018),x,,,,,,
,#2558,TÁBOR PRO NEJMENŠÍ,LANWOOD - LANŠKROUN,POBYTOVÝ,1. týden (30. 6. 2018 - 4. 7. 2018),aktivní,,,2490,1580,20,20
,#2559,TÁBOR PRO NEJMENŠÍ,LANWOOD - LANŠKROUN,PŘÍMĚSTSKÝ - DENNÍ,1. týden (1. 7. 2018 - 3. 7. 2018),aktivní,,,1250,850,12,5
,#2565,VŠEOBECNÝ TÁBOR,SEJFY U TRUTNOVA,POBYTOVÝ,2. týden (7. 7. 2018 - 14. 7. 2018),x,,,,,,
,#570,VŠEOBECNÝ TÁBOR,SEJFY U TRUTNOVA,POBYTOVÝ,3. týden (14. 7. 2018 - 21. 7. 2018),x,,,,,,
,#2564,VŠEOBECNÝ TÁBOR,SEJFY U TRUTNOVA,PŘÍMĚSTSKÝ - DENNÍ,2. týden (8. 7. 2018 - 13. 7. 2018),x,,,,,,
,#569,VŠEOBECNÝ TÁBOR,SEJFY U TRUTNOVA,PŘÍMĚSTSKÝ - DENNÍ,3. týden (15. 7. 2018 - 20. 7. 2018),x,,,,,,
,#2594,ADVENTURE CAMP,ŽIŽKOVA BOUDA - PEC POD SNĚŽKOU,POBYTOVÝ,2. týden (8. 7. 2018 - 13. 7. 2018),aktivní,,,4100,2900,37,32
,#2593,ADVENTURE CAMP,ŽIŽKOVA BOUDA - PEC POD SNĚŽKOU,POBYTOVÝ,3. týden (15. 7. 2018 - 20. 7. 2018),aktivní,,,4100,2900,37,31
,#2592,ADVENTURE CAMP,ŽIŽKOVA BOUDA - PEC POD SNĚŽKOU,POBYTOVÝ,5. týden (29. 7. 2018 - 3. 8. 2018),aktivní,,,4100,2900,37,28
,#2591,ADVENTURE CAMP,ŽIŽKOVA BOUDA - PEC POD SNĚŽKOU,POBYTOVÝ,6. týden (5. 8. 2018 - 10. 8. 2018),aktivní,,,4100,2900,37,28
,#2601,CYKLISTICKÝ TÁBOR,LANWOOD - LANŠKROUN,POBYTOVÝ,8. týden (19. 8. 2018 - 26. 8. 2018),aktivní,,,4100,2900,37,16
,#2600,CYKLISTICKÝ TÁBOR,LANWOOD - LANŠKROUN,PŘÍMĚSTSKÝ - DENNÍ,8. týden (20. 8. 2018 - 25. 8. 2018),aktivní,,,2100,1500,19,6
,#2605,LEZECKÝ TÁBOR,LANWOOD - LANŠKROUN,POBYTOVÝ,4. týden (22. 7. 2018 - 29. 7. 2018),aktivní,,,4600,3300,39,15
,#2604,LEZECKÝ TÁBOR,LANWOOD - LANŠKROUN,PŘÍMĚSTSKÝ - DENNÍ,4. týden ( 23. 7. 2018 - 28. 7. 2018),aktivní,,,2400,1700,22,4
,#2632,VODÁCKÝ TÁBOR,LANWOOD - LANŠKROUN,POBYTOVÝ,1. týden (1. 7. 2018 - 8. 7. 2018),aktivní,,,4600,3300,39,17
,#2653,YACHTAŘSKÝ TÁBOR,LANWOOD - LANŠKROUN,POBYTOVÝ,3. týden (15. 7. 2018 - 22. 7. 2018),aktivní,,,5100,3700,41,18
,#2651,YACHTAŘSKÝ TÁBOR,LANWOOD - LANŠKROUN,POBYTOVÝ,5. týden (29. 7. 2018 - 5. 8. 2018),aktivní,,,5100,3700,41,16
,#2652,YACHTAŘSKÝ TÁBOR,LANWOOD - LANŠKROUN,PŘÍMĚSTSKÝ - DENNÍ,3. týden (16. 7. 2018 - 21. 7. 2018),aktivní,,,2700,1900,25,4
,#2650,YACHTAŘSKÝ TÁBOR,LANWOOD - LANŠKROUN,PŘÍMĚSTSKÝ - DENNÍ,5. týden (30. 7. 2018 - 4. 8. 2018),aktivní,,,2700,1900,25,5
,#2660,HASIČSKÝ TÁBOR,LANWOOD - LANŠKROUN,POBYTOVÝ,9. týden (26. 8. 2018 - 1. 9. 2018),aktivní,,,3500,2400,30,33
,#2661,HASIČSKÝ TÁBOR,LANWOOD - LANŠKROUN,PŘÍMĚSTSKÝ - DENNÍ,9. týden (27. 8. 2018 - 31. 8. 2018),aktivní,,,1750,1250,15,8
,#3008,TÁBOR S ANGLIČTINOU,LANWOOD - LANŠKROUN,POBYTOVÝ,1. týden (1. 7. 2018 - 8. 7. 2018),aktivní,,,4600,3300,39,16
,#2664,TÁBOR S ANGLIČTINOU,LANWOOD - LANŠKROUN,POBYTOVÝ,8. týden (19. 8. 2018 - 26. 8. 2018),aktivní,,,4600,3300,39,15
,#3007,TÁBOR S ANGLIČTINOU,LANWOOD - LANŠKROUN,PŘÍMĚSTSKÝ - DENNÍ,1. týden (2. 7. 2018 - 7. 7. 2018),aktivní,,,2400,1700,22,5
,#2663,TÁBOR S ANGLIČTINOU,LANWOOD - LANŠKROUN,PŘÍMĚSTSKÝ - DENNÍ,8. týden (20. 8. 2018 - 25. 8. 2018),aktivní,,,2400,1700,22,4
,#2682,FOTOGRAFICKÝ TÁBOR,LANWOOD - LANŠKROUN,POBYTOVÝ,3. týden (15. 7. 2018 - 22. 7. 2018),aktivní,,,4600,3300,39,19
,#2681,FOTOGRAFICKÝ TÁBOR,LANWOOD - LANŠKROUN,PŘÍMĚSTSKÝ - DENNÍ,3. týden (16. 7. 2018 - 21. 7. 2018),aktivní,,,2400,1700,22,5
,#2699,GEOCACHING CAMP,LANWOOD - LANŠKROUN,POBYTOVÝ,2. týden (8. 7. 2018 - 15. 7. 2018),aktivní,,,4100,2900,37,21
,#2697,GEOCACHING CAMP,LANWOOD - LANŠKROUN,POBYTOVÝ,6. týden (5. 8. 2018 - 12. 8. 2018),aktivní,,,4100,2900,37,18
,#2698,GEOCACHING CAMP,LANWOOD - LANŠKROUN,PŘÍMĚSTSKÝ - DENNÍ,2. týden (9. 7. 2018 - 14. 7. 2018),aktivní,,,2100,1500,19,5
,#2696,GEOCACHING CAMP,LANWOOD - LANŠKROUN,PŘÍMĚSTSKÝ - DENNÍ,6. týden (6. 8. 2018 - 11. 8. 2018),aktivní,,,2100,1500,19,4
,#2713,TÁBOR DESKOVÝCH HER,LANWOOD - LANŠKROUN,POBYTOVÝ,7. týden (12. 8. 2018 - 19. 8. 2018),aktivní,,,4100,2900,37,17
,#363,TÁBOR DESKOVÝCH HER,LANWOOD - LANŠKROUN,PŘÍMĚSTSKÝ - DENNÍ,7. týden (13. 8. 2018 - 18. 8. 2018),aktivní,,,2100,1500,19,6
,#2747,TÉMATICKÝ TÁBOR,LANWOOD - LANŠKROUN,POBYTOVÝ,5. týden (29. 7. 2018 - 5. 8. 2018),aktivní,,,4100,2900,37,22
,#326,TÉMATICKÝ TÁBOR,LANWOOD - LANŠKROUN,PŘÍMĚSTSKÝ - DENNÍ,5. týden (30. 7. 2018 - 4. 8. 2018),aktivní,,,2100,1500,19,6
,#2750,RELAXAČNÍ TÁBOR,LANWOOD - LANŠKROUN,POBYTOVÝ,,x,,,,,,
,#2749,RELAXAČNÍ TÁBOR,LANWOOD - LANŠKROUN,PŘÍMĚSTSKÝ - DENNÍ,,x,,,,,,
,#2769,LETNÍ ŠKOLKA,LANWOOD - LANŠKROUN,PŘÍMĚSTSKÝ - DENNÍ,2. týden (9. 7. 2018 - 14. 7. 2018),aktivní,,,1750,1250,15,9
,#2768,LETNÍ ŠKOLKA,LANWOOD - LANŠKROUN,PŘÍMĚSTSKÝ - DENNÍ,3. týden (15. 7. 2018 - 20. 7. 2018),aktivní,,,1750,1250,15,11
,#2767,LETNÍ ŠKOLKA,LANWOOD - LANŠKROUN,PŘÍMĚSTSKÝ - DENNÍ,4. týden (23. 7. 2018 - 28. 7. 2018),aktivní,,,1750,1250,15,11
,#2766,LETNÍ ŠKOLKA,LANWOOD - LANŠKROUN,PŘÍMĚSTSKÝ - DENNÍ,5. týden (30. 7. 2018 - 4. 8. 2018),aktivní,,,1750,1250,15,9
,#2765,LETNÍ ŠKOLKA,LANWOOD - LANŠKROUN,PŘÍMĚSTSKÝ - DENNÍ,6. týden (6. 8. 2018 - 11. 8. 2018),aktivní,,,1750,1250,15,10
,#2764,LETNÍ ŠKOLKA,LANWOOD - LANŠKROUN,PŘÍMĚSTSKÝ - DENNÍ,7. týden (13. 8. 2018 - 18. 8. 2018),aktivní,,,1750,1250,15,8
,#2763,LETNÍ ŠKOLKA,LANWOOD - LANŠKROUN,PŘÍMĚSTSKÝ - DENNÍ,8. týden (20. 8. 2018 - 25. 8. 2018),aktivní,,,1750,1250,15,7
,#2762,LETNÍ ŠKOLKA,LANWOOD - LANŠKROUN,PŘÍMĚSTSKÝ - DENNÍ,9. týden (27. 8. 2018 - 31. 8. 2018),aktivní,,,1750,1250,15,10
,#2772,PODZIMNÍ TÁBOR,LANWOOD - LANŠKROUN,POBYTOVÝ,září (28. 9. 2018 - 30. 9. 2018),aktivní,,,1700,990,15,38
,#2771,PODZIMNÍ TÁBOR,LANWOOD - LANŠKROUN,POBYTOVÝ,říjen (27. 10. 2018 - 30. 10. 2018),aktivní,,,2100,1250,15,33
,#2782,TÁBOR PRO HANDICAPOVANÉ,LANWOOD - LANŠKROUN,POBYTOVÝ,červen (25. 6. 2018 - 29. 6. 2018),aktivní,,,4100,2900,37,35
,#2781,TÁBOR PRO HANDICAPOVANÉ,LANWOOD - LANŠKROUN,POBYTOVÝ,září (3. 9. 2018 - 7. 9. 2018),aktivní,,,4100,2900,37,33
,#2806,FITNESS DANCE CAMP,UP HURT - LANŠKROUN,POBYTOVÝ,4. týden (22. 7. 2018 - 27. 7. 2018),aktivní,,,5100,3700,41,28
,#2805,FITNESS DANCE CAMP,UP HURT - LANŠKROUN,POBYTOVÝ,5. týden (29. 7 . 2018 - 3. 8. 2018),aktivní,,,5100,3700,41,31
,#2804,FITNESS DANCE CAMP,CHORVATSKO,POBYTOVÝ,7. týden (10. 8 . 2018 - 19. 8. 2018),aktivní,,,9100,6900,45,43
,#2814,TÁBOR PRO RODIČE S DĚTMI,LANWOOD - LANŠKROUN,POBYTOVÝ,1. týden (30. 6. 2018 - 4. 7. 2018),aktivní,,,2700,1900,25,27
,#486,TÁBOR PRO RODIČE S DĚTMI,UP HURT - LANŠKROUN,POBYTOVÝ,6. týden (6. 8. 2018 - 10. 8. 2018),aktivní,,,3500,2600,30,33
,#2815,TÁBOR PRO DOSPĚLÉ,LANWOOD - LANŠKROUN,POBYTOVÝ,1. týden (30. 6. 2018 - 4. 7. 2018),aktivní,,,3100,2100,30,24
,#467,TÁBOR PRO DOSPĚLÉ,UP HURT - LANŠKROUN,POBYTOVÝ,9. týden (27. 8. 2018 - 31. 8. 2018),aktivní,,,3600,2600,30,22
,#2819,PÁRTY VÍKEND ,LANWOOD - LANŠKROUN,POBYTOVÝ,září (14. 9. 2018 - 16. 9. 2018),aktivní,,,1250,790,11,37
,#2822,TÁBOR PRO HANDICAPOVANÉ,LANWOOD - LANŠKROUN,POBYTOVÝ,červen (25. 6. 2018 - 29. 6. 2018),aktivní,,,4100,2900,37,19
,#2821,TÁBOR PRO HANDICAPOVANÉ,LANWOOD - LANŠKROUN,POBYTOVÝ,září (3. 9. 2018 - 7. 9. 2018),aktivní,,,4100,2900,37,18